title,link
unknown_msg,https://www.fortiguard.com/encyclopedia/ips/12230
SMTP.Syntax.Error,https://www.fortiguard.com/encyclopedia/ips/12610
Modbus.TCP.Restart.Communications.Option,https://www.fortiguard.com/encyclopedia/ips/11522
LDAP.Empty.Attribute,https://www.fortiguard.com/encyclopedia/ips/12701
SNMP.Invalid.ID,https://www.fortiguard.com/encyclopedia/ips/13114
Diameter.Incorrect.Message.Length,https://www.fortiguard.com/encyclopedia/ips/52230
TCP.Overlapping.Fragments,https://www.fortiguard.com/encyclopedia/ips/29511
multiple_record,https://www.fortiguard.com/encyclopedia/ips/107610114
POP3.Unknown.Reply,https://www.fortiguard.com/encyclopedia/ips/109248517
invalid_code,https://www.fortiguard.com/encyclopedia/ips/294584322
H323.UUIE.Syntax.Error,https://www.fortiguard.com/encyclopedia/ips/294518787
RADIUS.Invalid.Attribute,https://www.fortiguard.com/encyclopedia/ips/12419
HTML.Code.Obfuscators,https://www.fortiguard.com/encyclopedia/ips/48246
Modbus.TCP.Function.Code.Scan,https://www.fortiguard.com/encyclopedia/ips/15291
NBSS.Invalid.PDU.Size,https://www.fortiguard.com/encyclopedia/ips/110034947
TCP.Bad.Flags,https://www.fortiguard.com/encyclopedia/ips/12145
Modbus.TCP.Points.List.Scan,https://www.fortiguard.com/encyclopedia/ips/15287
POP3.Unknown.Reply,https://www.fortiguard.com/encyclopedia/ips/12280
SSL.Null.Ciphers.Negotiation,https://www.fortiguard.com/encyclopedia/ips/52410
H323.Invalid.Message,https://www.fortiguard.com/encyclopedia/ips/12251
TCP.Invalid.Packet.Size,https://www.fortiguard.com/encyclopedia/ips/12495
IP.Loose.Src.Record.Route.Option,https://www.fortiguard.com/encyclopedia/ips/12805
Test.Update.Integer.Overflow,https://www.fortiguard.com/encyclopedia/ips/53
NTP.Zero.Transmit.Timestamp,https://www.fortiguard.com/encyclopedia/ips/37578
TCP.Invalid.Packet.Size,https://www.fortiguard.com/encyclopedia/ips/108658689
Diameter.Request.Message.Error.Flag.Set,https://www.fortiguard.com/encyclopedia/ips/52231
SMTP.Unknown.Reply,https://www.fortiguard.com/encyclopedia/ips/12285
H323.IE.Syntax.Error,https://www.fortiguard.com/encyclopedia/ips/294518786
POP3.Login.Failed,https://www.fortiguard.com/encyclopedia/ips/109248518
SMTP.Reply.Line.Overly.Long,https://www.fortiguard.com/encyclopedia/ips/109314057
SMTP.Line.Overly.Long,https://www.fortiguard.com/encyclopedia/ips/12787
ICCP.COTP.Disconnect.Address.Unknown.Request,https://www.fortiguard.com/encyclopedia/ips/11516
IMAP.Login.Failed,https://www.fortiguard.com/encyclopedia/ips/109379589
DNS.Unexpected.Qclass,https://www.fortiguard.com/encyclopedia/ips/12428
Modbus.TCP.Invalid.Packet.Length,https://www.fortiguard.com/encyclopedia/ips/11534
MS.SQL.Server.Unknown.Version,https://www.fortiguard.com/encyclopedia/ips/109772809
SMTP.Reply.Line.Overly.Long,https://www.fortiguard.com/encyclopedia/ips/12695
Diameter.Invalid.Version,https://www.fortiguard.com/encyclopedia/ips/52229
Obfuscated.PDF.Access,https://www.fortiguard.com/encyclopedia/ips/38397
Diameter.Response.Message.No.Matching.Request.Found,https://www.fortiguard.com/encyclopedia/ips/52234
SMTP.Unknown.Reply,https://www.fortiguard.com/encyclopedia/ips/109314053
FTP.Login.Failed,https://www.fortiguard.com/encyclopedia/ips/109445125
DNS.Unknown.Type,https://www.fortiguard.com/encyclopedia/ips/8912905
RADIUS.Invalid.Attribute,https://www.fortiguard.com/encyclopedia/ips/294584325
unknown_class,https://www.fortiguard.com/encyclopedia/ips/12551
SNMP.Invalid.Version,https://www.fortiguard.com/encyclopedia/ips/12629
Kinetica.Admin.getLogs.Function.Remote.OS.Command.Execution,https://www.fortiguard.com/encyclopedia/ips/48953
DNP3.Function.Code.Scan,https://www.fortiguard.com/encyclopedia/ips/15282
H323.UUIE.Syntax.Error,https://www.fortiguard.com/encyclopedia/ips/13026
DNS.Invalid.Opcode,https://www.fortiguard.com/encyclopedia/ips/8912906
TCP.Inconsistent.Retransmission,https://www.fortiguard.com/encyclopedia/ips/35640
HTTP.Overly.Long.URI,https://www.fortiguard.com/encyclopedia/ips/12693
POP3.Invalid.Message.Number,https://www.fortiguard.com/encyclopedia/ips/13015
RADIUS.Malformed.Packet,https://www.fortiguard.com/encyclopedia/ips/294584326
MS.SQL.Server.Empty.Packet,https://www.fortiguard.com/encyclopedia/ips/13045
RPC.Fragment.Traffic,https://www.fortiguard.com/encyclopedia/ips/12852
RPC.Fragment.Traffic,https://www.fortiguard.com/encyclopedia/ips/107610113
FTP.Syntax.Error,https://www.fortiguard.com/encyclopedia/ips/13017
Eicar.Virus.Test.File,https://www.fortiguard.com/encyclopedia/ips/29844
IMAP.Command.Overly.Long,https://www.fortiguard.com/encyclopedia/ips/12865
TFTP.Request.EXE.File,https://www.fortiguard.com/encyclopedia/ips/13131
MSRP.Max.Message.Size.Exceeded,https://www.fortiguard.com/encyclopedia/ips/50540
MS.SQL.Server.Unknown.Packet.Type,https://www.fortiguard.com/encyclopedia/ips/12149
LDAP.Empty.Attribute,https://www.fortiguard.com/encyclopedia/ips/109838341
FTP.Syntax.Error,https://www.fortiguard.com/encyclopedia/ips/109445131
DNS.Unknown.Type,https://www.fortiguard.com/encyclopedia/ips/12374
Siemens.SINEMA.Remote.Connect.Reflected.XSS,https://www.fortiguard.com/encyclopedia/ips/51721
SNMP.Invalid.ID,https://www.fortiguard.com/encyclopedia/ips/294191111
SMTP.Line.Overly.Long,https://www.fortiguard.com/encyclopedia/ips/109314055
NBSS.Invalid.PDU.Size,https://www.fortiguard.com/encyclopedia/ips/13544
Diameter.Message.Command.Overlong,https://www.fortiguard.com/encyclopedia/ips/52233
DNS.Unexpected.Qclass,https://www.fortiguard.com/encyclopedia/ips/8912907
MS.SQL.Server.Unknown.Version,https://www.fortiguard.com/encyclopedia/ips/12541
SNMP.Invalid.Version,https://www.fortiguard.com/encyclopedia/ips/294191110
IPv4.Invalid.Datagram.Size,https://www.fortiguard.com/encyclopedia/ips/7929858
Public.Tags,https://www.fortiguard.com/encyclopedia/ips/15306
VoIP.SIP.Semicolon.Separated.Params,https://www.fortiguard.com/encyclopedia/ips/13883
LDAP.Delete.Empty.BaseDN,https://www.fortiguard.com/encyclopedia/ips/12841
DNS.Invalid.Opcode,https://www.fortiguard.com/encyclopedia/ips/12316
undersize_msg,https://www.fortiguard.com/encyclopedia/ips/8912903
FTP.Login.Failed,https://www.fortiguard.com/encyclopedia/ips/12686
NTP.Unknown.Stratum,https://www.fortiguard.com/encyclopedia/ips/37576
DNS.Invalid.Label.Length,https://www.fortiguard.com/encyclopedia/ips/8912897
MS.SQL.Server.Empty.Packet,https://www.fortiguard.com/encyclopedia/ips/109772806
DNP3.Points.List.Scan,https://www.fortiguard.com/encyclopedia/ips/15281
unknown_msg,https://www.fortiguard.com/encyclopedia/ips/109838340
POP3.Syntax.Error,https://www.fortiguard.com/encyclopedia/ips/109248515
LDAP.Invalid.Message.Header,https://www.fortiguard.com/encyclopedia/ips/109838338
H323.IE.Syntax.Error,https://www.fortiguard.com/encyclopedia/ips/12711
IPv4.Invalid.Datagram.Size,https://www.fortiguard.com/encyclopedia/ips/13071
POP3.Invalid.Message.Number,https://www.fortiguard.com/encyclopedia/ips/109248519
SSL.Anonymous.Ciphers.Negotiation,https://www.fortiguard.com/encyclopedia/ips/43544
ICCP.Invalid.OSI.PSEL.Abort.PDU,https://www.fortiguard.com/encyclopedia/ips/11519
multiple_record,https://www.fortiguard.com/encyclopedia/ips/12578
undersize_msg,https://www.fortiguard.com/encyclopedia/ips/12937
LDAP.Invalid.Version,https://www.fortiguard.com/encyclopedia/ips/12838
SMTP.Syntax.Error,https://www.fortiguard.com/encyclopedia/ips/109314051
LDAP.Kerberos.SPN.Query,https://www.fortiguard.com/encyclopedia/ips/49752
TCP.Out.Of.Range.Timestamp,https://www.fortiguard.com/encyclopedia/ips/17677
Qlik.Sense.HTTP.Tunneling,https://www.fortiguard.com/encyclopedia/ips/53624
HTTP.Chunk.Length.Invalid,https://www.fortiguard.com/encyclopedia/ips/39122
IMAP.Invalid.State,https://www.fortiguard.com/encyclopedia/ips/109379585
IMAP.Command.Overly.Long,https://www.fortiguard.com/encyclopedia/ips/109379590
POP3.Login.Failed,https://www.fortiguard.com/encyclopedia/ips/12371
LDAP.Delete.Empty.BaseDN,https://www.fortiguard.com/encyclopedia/ips/109838343
IMAP.Login.Failed,https://www.fortiguard.com/encyclopedia/ips/12229
ICMP.Invalid.Packet.Size,https://www.fortiguard.com/encyclopedia/ips/12281
Diameter.Incorrect.Reserved.Bits,https://www.fortiguard.com/encyclopedia/ips/52232
Diameter.Unrecognized.Header,https://www.fortiguard.com/encyclopedia/ips/52228
RADIUS.Malformed.Packet,https://www.fortiguard.com/encyclopedia/ips/12404
TCP.Bad.Flags,https://www.fortiguard.com/encyclopedia/ips/107937793
unknown_class,https://www.fortiguard.com/encyclopedia/ips/8912904
D-Link.DIR-866L.HtmlResponseMessage.XSS,https://www.fortiguard.com/encyclopedia/ips/48387
ICMP.Invalid.Packet.Size,https://www.fortiguard.com/encyclopedia/ips/24903681
Modbus.TCP.Force.Listen.Only,https://www.fortiguard.com/encyclopedia/ips/11521
LDAP.Invalid.Message.Header,https://www.fortiguard.com/encyclopedia/ips/13122
POP3.Syntax.Error,https://www.fortiguard.com/encyclopedia/ips/12427
LDAP.Invalid.Version,https://www.fortiguard.com/encyclopedia/ips/109838337
HTTP.Overly.Long.URI,https://www.fortiguard.com/encyclopedia/ips/107347974
DNS.Invalid.Label.Length,https://www.fortiguard.com/encyclopedia/ips/12765
DNP3.Broadcast.Request.Authorized.Client,https://www.fortiguard.com/encyclopedia/ips/11509
invalid_code,https://www.fortiguard.com/encyclopedia/ips/12859
H323.Invalid.Message,https://www.fortiguard.com/encyclopedia/ips/294518785
IMAP.Invalid.State,https://www.fortiguard.com/encyclopedia/ips/12672
MS.SQL.Server.Unknown.Packet.Type,https://www.fortiguard.com/encyclopedia/ips/109772810
